pleiades_id,name,type,reprLat,reprLong
579844,Aigina,island,37.7409397,23.430141
589693,Andros,island,37.85,24.86
491525,Aphytis,city/settlement,40.099366,23.436606
570106,Argos,city/settlement,37.631561,22.719464
599536,Astypalaia,island,36.75,26.25
501364,Astyra,city/settlement,40.043192,26.682841
579885,Athens,city/settlement,37.97304837,23.7232335
520985,Byzantium,city/settlement,41.005902,28.9738815
550497,Chios,island,38.414,26.053
599588,Delos,island,37.393333,25.271111
540726,Delphi,city/settlement,38.482289,22.501169
501410,Eion,city/settlement,40.7893235,23.872848
579920,Eleusis,city/settlement,38.041101,23.537401
550535,Erythrai,city/settlement,38.382361,26.47994
638837,Eurymedon,city/settlement,37.823352,31.127989
599667,Ikaros,island,37.6305806,26.0732143
589836,Kamiros,city/settlement,36.336185,27.921195
570336,Karystos,city/settlement,38.016541,24.420381
599578,Kolophon,city/settlement,37.9952785,27.200852
550696,Lesbos,island,39.2074811,26.1342123
570468,Megara,city/settlement,37.985078,23.340163
736963,Memphis,city/settlement,29.849491,31.255061
501515,Mende,city/settlement,39.971454,23.39806
550738,Methymna,city/settlement,39.369167,26.176891
599799,Miletus,city/settlement,37.52290473,27.27831683
599805,Mykale,promontory,37.666667,27.083333
599822,Naxos,island,37.05,25.49
501535,Olophyxos,city/settlement,40.330422,24.190639
599873,Pedasa,city/settlement,37.054602,27.412789
922695,Persepolis,city/settlement,29.93534033,52.889437
541063,Plataia,city/settlement,38.21573033,23.27184733
599926,Samos,island,37.73,26.84
501597,Samothrace,island,40.453,25.582
511414,Selymbria,city/settlement,41.078496,28.247677
501609,Sestos,city/settlement,40.2206527,26.40291625
541108,Skyros,island,38.902984,24.565356
570685,Sparta,city/settlement,37.077905,22.4272985
452457,Sybaris/Thurii,city/settlement,39.715694,16.490886
501635,Thasos,island,40.683333,24.65